{
  "project_info": {
    "project_number": "754960937435",
    "firebase_url": "https://smart-baby-monitor-250da.firebaseio.com",
    "project_id": "smart-baby-monitor-250da",
    "storage_bucket": "smart-baby-monitor-250da.appspot.com"
  },
  "client": [
    {
      "client_info": {
        "mobilesdk_app_id": "1:754960937435:android:37e5a37bc1b60666",
        "android_client_info": {
          "package_name": "com.example.team4kb.smartbabymonitor"
        }
      },
      "oauth_client": [
        {
          "client_id": "754960937435-cqmkmf57fge3focg1i6nq5b82eplcq7f.apps.googleusercontent.com",
          "client_type": 3
        }
      ],
      "api_key": [
        {
          "current_key": "AIzaSyBho5mnUFRkv-sAEYkNvdASTk2m932Wiew"
        }
      ],
      "services": {
        "analytics_service": {
          "status": 1
        },
        "appinvite_service": {
          "status": 1,
          "other_platform_oauth_client": []
        },
        "ads_service": {
          "status": 2
        }
      }
    }
  ],
  "configuration_version": "1"
}